rule_id,trigger,threshold,status,recommended_action
OPEN-001,grupo_aberto,2026-05-22,ativo,Abrir grupo oficial e iniciar aquecimento
OPEN-002,carrinho_aberto,2026-06-05,ativo,Abrir carrinho primeiro no WhatsApp mesmo abaixo de 500 se operação mínima estiver pronta
GROUP-001,projecao_grupo,abaixo_de_300,alerta,Ativar plano de compensação sem adiar automaticamente o lançamento
GROUP-002,projecao_grupo,entre_300_e_500,ok,Tratar como cenário esperado e manter aquecimento
GROUP-003,projecao_grupo,acima_de_500,positivo,Reforçar antecipação e prova sem antecipar carrinho
CLOSE-001,vendas_24h,abaixo_de_5_por_2_dias,fechamento,Preparar fechamento após duas tentativas de recuperação
CLOSE-002,receita_24h,abaixo_de_1235_por_2_dias,fechamento,Checar demanda residual antes de encerrar
CLOSE-003,demanda_residual,grupo_instagram_sem_duvidas_relevantes,fechamento,Comunicar encerramento com urgência real

